{"A":{"0":81.4394340245,"1":23.6457407841,"2":74.2867388189,"3":97.997995967,"4":65.2064224453,"5":83.3053394534,"6":37.5555469892,"7":46.460158382,"8":22.3671163451,"9":74.3621512715,"10":14.0551095149,"11":24.1761829679,"12":15.4828087581,"13":50.8954453756,"14":34.8347090445,"15":63.1289958152,"16":22.4632776152,"17":88.4806780178,"18":89.280891608,"19":17.3484795033,"20":93.1828028377,"21":46.0216788539,"22":24.3604717214,"23":38.005058591,"24":61.560835501,"25":99.0981822862,"26":40.8417822902,"27":55.1941745905,"28":68.7119793538,"29":87.2671091414,"30":61.4008088525,"31":58.0383444466,"32":46.5146546877,"33":25.3077562345,"34":80.3707430453,"35":66.0017175292,"36":16.9443057375,"37":36.8325153577,"38":87.9275984647,"39":87.3476486513,"40":82.1968096915,"41":2.4959338967,"42":80.267288912,"43":67.4758237768,"44":98.5416925542,"45":51.6933373947,"46":64.9112962056,"47":92.9094655005,"48":21.501014543,"49":39.3686191562,"50":57.9618611807,"51":65.1220067473,"52":26.4756938124,"53":68.0509425681,"54":12.3730569589,"55":64.8798116675,"56":95.7219699356,"57":24.5332796976,"58":64.2139671055,"59":34.1505976296,"60":88.6445099742,"61":79.6204740275,"62":87.1327042503,"63":56.7066792229,"64":66.8041339364,"65":64.1045841041,"66":43.5558585456,"67":92.3230347357,"68":27.8513901209,"69":92.1651383225,"70":18.2273525415,"71":18.0582321273,"72":37.0673909181,"73":7.4468632767,"74":17.5300859185,"75":8.9551308637,"76":82.4484042219,"77":17.593063578,"78":16.8620614469,"79":49.4128095283,"80":76.3159745275,"81":59.4873231392,"82":22.4150676101,"83":88.279181337,"84":72.7747228954,"85":82.9859339245,"86":30.9978927883,"87":90.549941708,"88":46.0362473808,"89":32.8042523358,"90":25.0100049288,"91":11.5029289156,"92":19.3091308258,"93":8.4798322002,"94":93.9854090211,"95":76.693139726,"96":19.6155096149,"97":63.3084311671,"98":75.493757704,"99":72.3484929916},"B":{"0":64.8375409504,"1":30.8268015571,"2":91.6558301678,"3":87.73544883,"4":16.2572275628,"5":52.0673397499,"6":73.6387385181,"7":14.8874409825,"8":22.1314218833,"9":15.1416733422,"10":16.6113816237,"11":60.9246739959,"12":48.5186281572,"13":36.4964744561,"14":89.3546189664,"15":43.7541177049,"16":45.6318251848,"17":5.1921385227,"18":52.8153208351,"19":51.2253280604,"20":38.5480034025,"21":81.6067708771,"22":19.648005943,"23":53.5215744137,"24":50.7051229895,"25":52.4256130047,"26":97.19444778,"27":77.5323357035,"28":43.5848243649,"29":19.8109925186,"30":20.3974731525,"31":40.5649477359,"32":97.6180821741,"33":49.3180532919,"34":66.9145913587,"35":7.2421507247,"36":3.0554102224,"37":95.9680892702,"38":64.965819941,"39":50.7205271961,"40":49.1662696714,"41":18.5287476831,"42":1.9390507715,"43":23.827979434,"44":75.2088761811,"45":59.6708168325,"46":37.671942757,"47":76.0711310725,"48":84.8250600288,"49":90.7643342007,"50":30.713106816,"51":71.5615669069,"52":92.9862438923,"53":53.2804648292,"54":13.2500415712,"55":64.1107491257,"56":33.4743367694,"57":55.8244716344,"58":91.1807600007,"59":86.8582520222,"60":12.8297617047,"61":37.9055557427,"62":79.7289012724,"63":17.6110558761,"64":40.2044084309,"65":93.5377122719,"66":35.3364689524,"67":90.2968627467,"68":59.184210168,"69":24.4228961027,"70":6.9519065021,"71":63.1392894225,"72":98.7571285694,"73":17.0954227542,"74":50.7885821182,"75":5.9536731024,"76":79.2119682788,"77":21.2130792529,"78":37.83763467,"79":66.0600614615,"80":79.5400294156,"81":3.1440161364,"82":63.8132510374,"83":12.612794732,"84":42.2022060631,"85":95.980908719,"86":63.3424791578,"87":10.8571505936,"88":67.737142852,"89":7.5607409226,"90":70.208556979,"91":7.4530934749,"92":12.8000394637,"93":15.2070204541,"94":61.7060525264,"95":99.2099914682,"96":54.0039541084,"97":18.4555176005,"98":3.5496168563,"99":22.2888496577},"C":{"0":93.5691273261,"1":29.3569538662,"2":32.6309707455,"3":60.484387108,"4":91.1692862117,"5":86.2611910423,"6":74.9528446901,"7":19.2934835195,"8":38.7806228823,"9":59.6588656915,"10":91.0453113642,"11":97.9866992067,"12":89.6993572382,"13":32.4735510266,"14":89.1641689492,"15":58.4619107032,"16":15.5823192355,"17":82.9832262081,"18":85.3280774026,"19":78.4424969586,"20":5.028113475,"21":1.4939852277,"22":2.8958936765,"23":84.6550706402,"24":2.7274996287,"25":90.3034927109,"26":30.2180227328,"27":3.4414144257,"28":53.7161747494,"29":78.9901338056,"30":37.979126748,"31":54.3829608611,"32":30.6319257932,"33":9.4368267827,"34":5.0045434241,"35":73.2579968856,"36":9.8912832519,"37":97.8732548323,"38":83.8223011277,"39":1.6923785675,"40":74.0766699162,"41":10.017192635,"42":17.1340947305,"43":56.9008173093,"44":76.4473553319,"45":66.0005299754,"46":86.8647955782,"47":75.0102504375,"48":61.3161834772,"49":9.2045626975,"50":24.830585413,"51":47.4838882935,"52":95.6834866513,"53":65.259817122,"54":72.6638120438,"55":82.0706719788,"56":22.3641171345,"57":4.0789564461,"58":50.8382384847,"59":47.4382998376,"60":12.9556607906,"61":8.2150593624,"62":41.8624647137,"63":84.4734483743,"64":98.837168018,"65":36.9838852577,"66":13.2134051917,"67":37.0754824041,"68":63.6483157536,"69":35.8448447837,"70":92.6252095872,"71":37.442065683,"72":8.4088707616,"73":36.4792015936,"74":70.2888644656,"75":17.2393153697,"76":82.3570843724,"77":97.9115432417,"78":41.2569386506,"79":32.4358634497,"80":41.0520980437,"81":39.6824614154,"82":38.250848475,"83":54.2360759973,"84":61.828546181,"85":55.3710200755,"86":32.9010731374,"87":29.490040197,"88":97.1400923734,"89":5.3864578336,"90":55.9230253526,"91":69.6397810752,"92":77.4972794318,"93":93.8620012503,"94":48.9448330101,"95":17.3656645566,"96":46.3351685322,"97":14.2039646199,"98":57.5688420461,"99":6.7526758874},"D":{"0":28.3642698457,"1":73.868604213,"2":61.3926573589,"3":36.4339552525,"4":55.3341544538,"5":23.370516481,"6":96.017045031,"7":83.581359077,"8":7.7501664455,"9":47.3300579464,"10":4.3365154247,"11":75.8791000723,"12":56.3812879907,"13":56.9636956665,"14":3.4786425537,"15":10.0047449833,"16":90.847503569,"17":68.1378422971,"18":45.6749711885,"19":61.475367558,"20":68.3236566721,"21":82.6743614742,"22":45.3871523537,"23":9.4447461597,"24":6.4390987738,"25":87.9402837321,"26":78.7390062719,"27":87.0370765202,"28":7.4552996689,"29":34.8268816722,"30":62.4775137539,"31":58.5704733574,"32":22.2422174426,"33":66.9098954449,"34":73.148297456,"35":34.7247982821,"36":61.9902818858,"37":3.9418837213,"38":62.369792222,"39":94.1815740468,"40":96.9593692702,"41":87.4252718961,"42":61.0902341969,"43":31.0757798521,"44":40.1094031724,"45":85.0428820979,"46":64.2849446125,"47":90.036096244,"48":68.3536148,"49":2.6651950416,"50":62.4831341066,"51":57.694090718,"52":40.136117239,"53":17.9636098563,"54":38.3908141844,"55":75.658895201,"56":2.9044313843,"57":55.7461701988,"58":92.6723058169,"59":92.7315086108,"60":41.6170070431,"61":11.4393863344,"62":43.1210166219,"63":88.2291408845,"64":48.7340353229,"65":72.1304674558,"66":25.5165030843,"67":34.8581408691,"68":60.0408483491,"69":6.0621145772,"70":10.5959900642,"71":99.3062085624,"72":52.5731935214,"73":87.9610687408,"74":92.411917636,"75":9.9338981182,"76":91.4516581302,"77":44.7934610201,"78":63.3626162914,"79":59.0435011948,"80":21.4203883794,"81":1.5522865224,"82":21.5026393922,"83":71.2554850079,"84":45.0085783823,"85":20.3053067577,"86":31.4107989494,"87":78.547817033,"88":8.7773176291,"89":77.2517276741,"90":87.5571303669,"91":21.2095033273,"92":52.9781657459,"93":80.1583193575,"94":47.1225275033,"95":43.0208726575,"96":10.143985661,"97":66.0080617008,"98":77.9159970495,"99":41.0151761222},"E":{"0":82.836148532,"1":55.84472199,"2":21.5583459547,"3":74.6331849474,"4":36.3956217462,"5":8.3440252564,"6":63.2699328894,"7":6.3557444369,"8":40.9112139823,"9":39.0861740315,"10":20.5569920862,"11":15.1174173555,"12":61.0802167002,"13":69.769721577,"14":36.5760518057,"15":61.4555858023,"16":43.7183686676,"17":20.9230216644,"18":31.3987704061,"19":86.3029609548,"20":66.2786719027,"21":45.3774050691,"22":63.5043449855,"23":3.4584034039,"24":91.6782099396,"25":20.5074394163,"26":72.8115332963,